{
  "accuracy": 0.4230986711902742,
  "chance": 0.16666666666666666
}