{
  "accuracy": 0.46543681085665817,
  "chance": 0.16666666666666666
}