{
  "accuracy": 0.4848035057958722,
  "chance": 0.16666666666666666
}