{
  "accuracy": 0.3745405711054566,
  "chance": 0.16666666666666666
}