{
  "accuracy": 0.6191687871077184,
  "chance": 0.16666666666666666
}