{
  "accuracy": 0.1577889447236181,
  "chance": 0.16666666666666666
}