{
  "accuracy": 0.594147582697201,
  "chance": 0.16666666666666666
}