{
  "accuracy": 0.40754877014419,
  "chance": 0.16666666666666666
}