{
  "accuracy": 0.5949957591178965,
  "chance": 0.16666666666666666
}