{
  "accuracy": 0.21006502685891998,
  "chance": 0.16666666666666666
}