{
  "accuracy": 0.4770992366412214,
  "chance": 0.16666666666666666
}