{
  "accuracy": 0.4099519366694939,
  "chance": 0.16666666666666666
}