{
  "accuracy": 0.4851569126378287,
  "chance": 0.16666666666666666
}