{
  "accuracy": 0.39892275956910384,
  "chance": 0.045454545454545456
}