{
  "accuracy": 0.385778908679672,
  "chance": 0.16666666666666666
}