{
  "accuracy": 0.3658467627933277,
  "chance": 0.16666666666666666
}