{
  "mean": 0.9782608695652174,
  "metric": "accuracy",
  "n": 1,
  "sources": [
    "results\\2026-05-15-josiah-capc-seed42\\metrics.json"
  ],
  "std": 0.0,
  "values": [
    0.9782608695652174
  ]
}