{
  "accuracy": 0.6289228159457168,
  "chance": 0.16666666666666666
}