{
  "accuracy": 0.2862595419847328,
  "chance": 0.16666666666666666
}