{
  "accuracy": 0.5794458580718123,
  "chance": 0.16666666666666666
}