{
  "accuracy": 0.29544811987560077,
  "chance": 0.16666666666666666
}