{
  "accuracy": 0.20412779191405145,
  "chance": 0.16666666666666666
}