{
  "accuracy": 0.43765903307888043,
  "chance": 0.16666666666666666
}