{
  "accuracy": 0.3450664404862878,
  "chance": 0.16666666666666666
}