{
  "accuracy": 0.309301668080294,
  "chance": 0.16666666666666666
}