{
  "accuracy": 0.47010178117048346,
  "chance": 0.16666666666666666
}