{
  "accuracy": 0.3720667232117614,
  "chance": 0.16666666666666666
}