{
  "accuracy": 0.3739751201583263,
  "chance": 0.16666666666666666
}