{
  "accuracy": 0.20059372349448684,
  "chance": 0.16666666666666666
}