{
  "accuracy": 0.638676844783715,
  "chance": 0.16666666666666666
}