{
  "accuracy": 0.4417585524455753,
  "chance": 0.16666666666666666
}