{
  "accuracy": 0.9782608695652174,
  "chance": 0.0036231884057971015
}